<beans xmlns="http://www.springframework.org/schema/beans"
	xmlns:xsi="http://www.w3.org/2001/XMLSchema-instance"
	xmlns:mvc="http://www.springframework.org/schema/mvc"
	xsi:schemaLocation="http://www.springframework.org/schema/mvc http://www.springframework.org/schema/mvc/spring-mvc-4.0.xsd
		http://www.springframework.org/schema/beans http://www.springframework.org/schema/beans/spring-beans-4.0.xsd">
<mvc:interceptors>
        <mvc:interceptor> 
           <mvc:mapping path="/user_main"/>
           <!-- 여러개 컨트롤러 추가 가능 -->
           <!-- 
                <mvc:mapping path="/admin_write"/>
                <mvc:mapping path="/admin_update"/> 
                <mvc:mapping path="/admin_delete"/>
                .
                .
                .
           -->
           <!-- 로그인체크 인터셉터 클래스 -->
           <bean class="lab.solo.interceptor.SoloInterceptor"/>
        </mvc:interceptor>
    </mvc:interceptors>
</beans>